"PaymentID","OrderID","PaymentDate","PaymentAmount","PaymentMethod","PaymentStatus"
"1","1","2024-04-14","1787.54","Gift Card","Completed"
"2","2","2024-08-03","0.00","PayPal","Pending"
"3","3","2024-05-17","211.01","Credit Card","Completed"
"4","4","2024-08-09","904.83","Credit Card","Completed"
"5","5","2023-01-11","3096.37","Bank Transfer","Completed"
"6","6","2023-02-03","841.14","Apple Pay","Completed"
"7","7","2024-03-10","2915.91","PayPal","Completed"
"8","8","2024-12-12","3122.68","Bank Transfer","Completed"
"9","9","2022-07-05","1898.91","PayPal","Completed"
"10","10","2023-01-10","2119.89","Gift Card","Completed"
"11","11","2022-05-20","79.84","Gift Card","Failed"
"12","12","2022-02-26","326.40","PayPal","Failed"
"13","13","2023-03-11","870.61","Apple Pay","Completed"
"14","14","2024-01-17","1949.16","Gift Card","Completed"
"15","15","2022-03-15","2961.37","Bank Transfer","Completed"
"16","16","2024-12-06","40.19","Gift Card","Failed"
"17","17","2024-01-30","3008.57","Gift Card","Completed"
"18","18","2024-01-12","688.29","Credit Card","Completed"
"19","19","2022-12-18","1269.80","Apple Pay","Completed"
"20","20","2024-11-05","1984.39","PayPal","Completed"
"21","21","2023-05-10","1883.55","Apple Pay","Completed"
"22","22","2022-10-05","4467.82","PayPal","Completed"
"23","23","2023-06-24","1357.57","Apple Pay","Completed"
"24","24","2022-08-07","0.00","PayPal","Failed"
"25","25","2022-07-22","1873.66","Bank Transfer","Completed"
"26","26","2024-08-14","948.61","Apple Pay","Completed"
"27","27","2022-04-07","2414.22","Credit Card","Completed"
"28","28","2022-10-10","2293.58","Gift Card","Completed"
"29","29","2022-09-24","457.77","Credit Card","Completed"
"30","30","2023-09-05","3198.32","Gift Card","Completed"
"31","31","2023-09-22","1621.57","Bank Transfer","Completed"
"32","32","2023-11-16","548.82","PayPal","Completed"
"33","33","2023-01-19","467.00","Bank Transfer","Completed"
"34","34","2022-01-31","1520.70","Credit Card","Completed"
"35","35","2024-05-30","4647.22","Bank Transfer","Completed"
"36","36","2023-01-31","2839.67","Bank Transfer","Completed"
"37","37","2023-11-12","2547.78","Apple Pay","Completed"
"38","38","2022-10-28","178.43","Gift Card","Completed"
"39","39","2023-05-02","753.78","Credit Card","Completed"
"40","40","2022-11-16","1459.56","Apple Pay","Completed"
"41","41","2022-03-17","2910.92","Bank Transfer","Completed"
"42","42","2024-03-15","1243.11","Apple Pay","Completed"
"43","43","2022-03-10","1150.22","Bank Transfer","Failed"
"44","44","2023-06-14","0.00","Apple Pay","Pending"
"45","45","2023-03-03","1968.08","Credit Card","Completed"
"46","46","2024-11-14","1117.70","Apple Pay","Failed"
"47","47","2024-12-16","1645.38","Apple Pay","Completed"
"48","48","2023-07-27","1986.59","PayPal","Completed"
"49","49","2022-08-06","3098.88","Credit Card","Completed"
"50","50","2024-12-19","0.00","Credit Card","Failed"
"51","51","2024-11-06","1148.51","PayPal","Completed"
"52","52","2023-09-05","1663.44","Apple Pay","Completed"
"53","53","2023-09-17","2603.24","Gift Card","Completed"
"54","54","2022-05-06","1781.88","PayPal","Completed"
"55","55","2023-02-02","1866.97","Apple Pay","Completed"
"56","56","2024-09-19","4015.60","Apple Pay","Completed"
"57","57","2022-05-04","2833.24","Gift Card","Completed"
"58","58","2022-07-31","5926.41","Bank Transfer","Completed"
"59","59","2022-02-13","313.90","Bank Transfer","Completed"
"60","60","2023-03-24","503.67","Apple Pay","Completed"
"61","61","2024-04-09","886.64","Gift Card","Completed"
"62","62","2024-09-14","1952.80","Apple Pay","Failed"
"63","63","2023-02-07","1003.28","Apple Pay","Completed"
"64","64","2022-04-17","1046.88","Gift Card","Failed"
"65","65","2022-12-19","0.00","PayPal","Failed"
"66","66","2023-03-12","0.00","Bank Transfer","Failed"
"67","67","2023-07-26","593.30","Gift Card","Completed"
"68","68","2024-12-10","1819.83","Gift Card","Completed"
"69","69","2024-02-28","2916.84","Apple Pay","Completed"
"70","70","2023-09-24","1254.09","PayPal","Completed"
"71","71","2024-01-13","2706.44","Credit Card","Completed"
"72","72","2022-06-24","2824.78","Apple Pay","Completed"
"73","73","2024-04-27","444.12","Gift Card","Completed"
"74","74","2023-07-10","960.51","Credit Card","Completed"
"75","75","2023-12-19","1930.41","Bank Transfer","Completed"
"76","76","2022-11-22","3788.18","Gift Card","Completed"
"77","77","2023-05-26","1839.70","Apple Pay","Completed"
"78","78","2022-02-12","1891.54","Credit Card","Completed"
"79","79","2023-11-09","3172.15","Credit Card","Completed"
"80","80","2022-03-01","1204.72","PayPal","Completed"
"81","81","2023-04-04","2699.42","PayPal","Completed"
"82","82","2023-12-02","1826.36","Credit Card","Completed"
"83","83","2022-09-23","1153.20","Bank Transfer","Completed"
"84","84","2024-10-13","2478.19","Credit Card","Completed"
"85","85","2024-02-05","274.41","Apple Pay","Completed"
"86","86","2023-02-03","4863.54","Gift Card","Completed"
"87","87","2024-06-21","1819.80","Bank Transfer","Completed"
"88","88","2023-02-13","4103.80","Gift Card","Completed"
"89","89","2022-08-17","2156.53","Gift Card","Completed"
"90","90","2022-02-12","1663.90","Apple Pay","Completed"
"91","91","2023-09-29","1318.89","PayPal","Pending"
"92","92","2022-11-19","4875.88","Gift Card","Completed"
"93","93","2023-03-24","2936.54","Credit Card","Completed"
"94","94","2023-06-06","399.20","PayPal","Completed"
"95","95","2024-02-17","1236.10","PayPal","Completed"
"96","96","2023-12-11","2205.44","Bank Transfer","Completed"
"97","97","2023-04-08","1224.39","PayPal","Completed"
"98","98","2023-10-16","339.18","Gift Card","Pending"
"99","99","2024-04-16","780.74","Apple Pay","Failed"
"100","100","2023-04-05","4148.85","Bank Transfer","Completed"
"101","101","2022-05-04","1333.18","Credit Card","Pending"
"102","102","2024-04-30","0.00","Credit Card","Failed"
"103","103","2022-09-27","944.12","PayPal","Completed"
"104","104","2023-02-26","1851.86","Credit Card","Completed"
"105","105","2023-07-29","3330.44","Apple Pay","Completed"
"106","106","2024-05-15","708.75","Apple Pay","Completed"
"107","107","2022-01-30","0.00","Credit Card","Failed"
"108","108","2024-07-11","5224.29","Bank Transfer","Completed"
"109","109","2022-03-27","4887.66","Credit Card","Completed"
"110","110","2024-02-28","3623.38","Apple Pay","Completed"
"111","111","2023-06-21","3408.85","Credit Card","Completed"
"112","112","2023-08-15","3372.50","Gift Card","Completed"
"113","113","2022-09-06","4276.37","Gift Card","Completed"
"114","114","2022-11-10","542.14","Gift Card","Pending"
"115","115","2024-10-25","345.27","Apple Pay","Completed"
"116","116","2024-07-08","2049.03","Credit Card","Completed"
"117","117","2023-09-26","2050.44","Credit Card","Completed"
"118","118","2024-04-26","3057.96","Bank Transfer","Completed"
"119","119","2024-04-29","1343.50","Bank Transfer","Completed"
"120","120","2024-09-06","2000.24","PayPal","Completed"
"121","121","2023-09-20","4566.08","PayPal","Completed"
"122","122","2024-05-08","1017.32","Gift Card","Completed"
"123","123","2024-11-16","0.00","Apple Pay","Pending"
"124","124","2024-09-02","2053.96","Apple Pay","Completed"
"125","125","2024-08-02","945.17","Credit Card","Completed"
"126","126","2022-10-03","2412.40","Credit Card","Failed"
"127","127","2022-07-23","0.00","Bank Transfer","Failed"
"128","128","2024-07-17","2102.59","Bank Transfer","Completed"
"129","129","2022-02-28","393.04","PayPal","Failed"
"130","130","2022-07-07","693.24","Bank Transfer","Failed"
"131","131","2024-06-29","958.60","Bank Transfer","Completed"
"132","132","2023-04-17","2368.32","Gift Card","Completed"
"133","133","2022-04-20","130.94","Credit Card","Completed"
"134","134","2022-01-22","1331.46","PayPal","Pending"
"135","135","2023-07-15","1746.72","Bank Transfer","Completed"
"136","136","2022-06-24","1879.41","Credit Card","Completed"
"137","137","2022-02-02","272.61","Gift Card","Completed"
"138","138","2022-08-11","2123.93","PayPal","Completed"
"139","139","2022-09-05","2194.88","Credit Card","Completed"
"140","140","2022-03-09","1411.32","Credit Card","Pending"
"141","141","2023-01-27","2543.00","PayPal","Completed"
"142","142","2024-08-15","1336.61","Credit Card","Completed"
"143","143","2024-10-18","2196.82","Bank Transfer","Completed"
"144","144","2024-08-09","1492.54","Credit Card","Completed"
"145","145","2024-05-20","1804.56","Apple Pay","Completed"
"146","146","2024-01-17","2784.28","Bank Transfer","Completed"
"147","147","2023-10-08","4143.53","PayPal","Completed"
"148","148","2023-01-09","2372.43","Bank Transfer","Completed"
"149","149","2024-07-24","1777.73","Credit Card","Completed"
"150","150","2022-07-23","1736.50","Gift Card","Completed"
"151","151","2023-10-24","1659.72","PayPal","Completed"
"152","152","2022-08-30","3022.73","Bank Transfer","Completed"
"153","153","2022-05-27","1480.74","PayPal","Completed"
"154","154","2023-05-22","2773.28","Bank Transfer","Completed"
"155","155","2023-10-14","5092.32","Bank Transfer","Completed"
"156","156","2023-12-24","799.88","Bank Transfer","Completed"
"157","157","2023-07-23","2010.13","Credit Card","Completed"
"158","158","2023-10-30","594.83","PayPal","Completed"
"159","159","2023-07-03","2304.17","Credit Card","Completed"
"160","160","2022-11-29","844.78","Gift Card","Completed"
"161","161","2023-12-22","340.04","Apple Pay","Completed"
"162","162","2023-01-12","0.00","Apple Pay","Failed"
"163","163","2024-11-29","0.00","Credit Card","Failed"
"164","164","2023-08-09","2013.82","Gift Card","Completed"
"165","165","2023-08-26","142.71","Apple Pay","Completed"
"166","166","2024-12-28","1884.55","Bank Transfer","Completed"
"167","167","2023-08-02","1074.84","Gift Card","Completed"
"168","168","2024-07-20","1563.54","Gift Card","Completed"
"169","169","2023-11-07","3621.05","Apple Pay","Completed"
"170","170","2022-03-14","1769.14","Credit Card","Completed"
"171","171","2022-12-26","867.14","Credit Card","Completed"
"172","172","2022-09-06","4422.87","PayPal","Completed"
"173","173","2022-07-10","2578.20","Bank Transfer","Completed"
"174","174","2022-05-01","1342.38","Gift Card","Completed"
"175","175","2024-07-20","1392.83","Apple Pay","Pending"
"176","176","2022-08-11","1244.80","Bank Transfer","Completed"
"177","177","2022-04-14","0.00","Credit Card","Failed"
"178","178","2023-02-15","2522.36","Bank Transfer","Completed"
"179","179","2023-08-04","3026.06","Apple Pay","Completed"
"180","180","2023-08-31","1657.48","Bank Transfer","Completed"
"181","181","2024-08-31","1417.85","PayPal","Completed"
"182","182","2024-03-29","705.64","Apple Pay","Completed"
"183","183","2024-08-19","2071.25","Credit Card","Completed"
"184","184","2023-01-28","2311.67","PayPal","Completed"
"185","185","2023-07-16","3941.20","PayPal","Completed"
"186","186","2023-12-14","2055.08","Apple Pay","Completed"
"187","187","2023-03-15","768.27","Gift Card","Completed"
"188","188","2023-12-01","1887.87","Apple Pay","Completed"
"189","189","2022-12-10","1399.48","Gift Card","Completed"
"190","190","2022-11-06","1310.04","Apple Pay","Completed"
"191","191","2024-10-29","5218.87","PayPal","Completed"
"192","192","2024-07-12","2485.19","PayPal","Completed"
"193","193","2022-02-03","321.07","Apple Pay","Completed"
"194","194","2023-06-26","148.85","Credit Card","Completed"
"195","195","2024-08-15","2226.96","Bank Transfer","Completed"
"196","196","2023-10-08","4489.94","Apple Pay","Completed"
"197","197","2023-09-16","2764.97","Gift Card","Completed"
"198","198","2024-08-05","3164.94","Bank Transfer","Completed"
"199","199","2022-04-30","0.00","Bank Transfer","Failed"
"200","200","2024-05-09","3643.04","Gift Card","Completed"
